,MedInc,HouseAge,AveRooms,AveBedrms,Population,AveOccup,Latitude,Longitude,MedHouseVal
0,8.3252,41.0,,1.0238095238095237,322.0,2.5555555555555554,37.88,-122.23,4.526
1,8.3014,21.0,6.238137082601054,0.9718804920913884,2401.0,2.109841827768014,37.86,-122.22,3.585
2,7.2574,52.0,,1.073446327683616,496.0,2.8022598870056497,37.85,-122.24,3.521
3,5.6431,,5.8173515981735155,1.0730593607305936,558.0,2.547945205479452,37.85,-122.25,3.413
4,3.8462,52.0,6.281853281853282,1.0810810810810811,,2.1814671814671813,37.85,-122.25,3.422
5,4.0368,52.0,4.761658031088083,1.1036269430051813,413.0,,37.85,-122.25,2.697
6,,52.0,4.9319066147859925,0.9513618677042801,1094.0,2.1284046692607004,37.84,-122.25,2.992
7,3.12,52.0,4.797527047913447,,1157.0,1.7882534775888717,37.84,-122.25,2.414
8,2.0804,42.0,4.294117647058823,1.1176470588235294,1206.0,2.026890756302521,,-122.26,2.267
9,3.6912,52.0,4.970588235294118,0.9901960784313726,1551.0,2.172268907563025,37.84,,2.611
10,,52.0,5.477611940298507,1.0796019900497513,910.0,2.263681592039801,37.85,-122.26,2.815
11,3.2705,52.0,4.772479564032698,1.0245231607629428,,2.0490463215258856,37.85,-122.26,2.418
12,3.075,52.0,5.322649572649572,,1098.0,2.3461538461538463,37.85,-122.26,2.135
13,2.6736,52.0,4.0,1.0977011494252873,,1.9827586206896552,37.84,-122.26,1.913
14,1.9167,52.0,4.262903225806451,1.0096774193548388,1212.0,1.9548387096774194,37.85,,1.592
15,2.125,50.0,,1.071969696969697,697.0,2.640151515151515,37.85,-122.26,1.4
16,2.775,52.0,5.9395770392749245,1.0483383685800605,793.0,2.395770392749245,37.85,-122.27,1.525
17,2.1202,52.0,4.052805280528053,,648.0,2.1386138613861387,37.85,-122.27,1.555
18,1.9911,50.0,,1.0859188544152745,990.0,2.3627684964200477,37.84,-122.26,1.587
19,2.6033,52.0,5.465454545454546,1.0836363636363637,690.0,2.5090909090909093,37.84,,1.629
20,,40.0,4.524096385542169,1.108433734939759,409.0,2.463855421686747,37.85,-122.27,1.475
21,1.7135,42.0,4.478142076502732,1.0027322404371584,929.0,2.5382513661202184,37.85,,1.598
22,1.725,52.0,5.096234309623431,1.1317991631799162,1015.0,2.1234309623430963,37.84,-122.27,1.139
23,2.1806,52.0,5.193846153846154,1.0369230769230768,853.0,2.624615384615385,37.84,-122.27,0.997
24,,52.0,5.270142180094787,1.0355450236966826,1006.0,2.3838862559241707,37.84,-122.27,1.326
25,2.4038,41.0,4.495798319327731,,317.0,2.6638655462184873,37.85,-122.28,1.075
26,2.4597,49.0,4.7280334728033475,1.0209205020920502,607.0,2.5397489539748954,37.85,-122.28,0.938
27,1.808,52.0,4.7808564231738035,1.0604534005037782,1102.0,2.7758186397984885,37.85,-122.28,1.055
28,1.6424,50.0,4.40169133192389,,1131.0,2.3911205073995774,37.84,-122.28,1.089
29,1.6875,52.0,4.703225806451613,1.032258064516129,395.0,,37.84,-122.28,1.32
30,1.9274,49.0,5.068783068783069,1.1825396825396826,,2.2830687830687832,37.84,-122.28,1.223
31,1.9615,52.0,4.882086167800454,1.090702947845805,1168.0,,37.84,-122.28,1.152
32,1.7969,48.0,5.737313432835821,1.2208955223880598,,3.062686567164179,37.84,-122.27,1.104
33,1.375,49.0,5.0303951367781155,1.1124620060790273,754.0,,37.83,-122.27,1.049
34,2.7303,51.0,,1.0708955223880596,1258.0,2.3470149253731343,37.83,-122.27,1.097
35,1.4861,49.0,4.6022727272727275,,570.0,2.159090909090909,37.83,-122.27,0.972
36,,48.0,4.807486631016043,1.1550802139037433,987.0,2.6390374331550803,37.83,-122.27,1.045
37,1.4103,52.0,3.7493796526054592,0.967741935483871,,2.235732009925558,37.83,-122.28,1.039
38,3.48,52.0,4.757281553398058,1.0679611650485437,689.0,2.2297734627831716,37.83,,1.914
39,2.5898,52.0,3.4942528735632186,1.0272988505747127,,1.978448275862069,37.83,-122.26,1.76
40,,52.0,4.215189873417722,1.0607594936708862,946.0,2.3949367088607594,37.83,-122.26,1.554
41,1.2852,51.0,3.7590361445783134,1.248995983935743,517.0,,37.83,-122.26,1.5
42,1.025,49.0,3.7724867724867726,1.0687830687830688,462.0,2.4444444444444446,37.84,-122.26,1.188
43,3.9643,52.0,4.797979797979798,1.02020202020202,,2.3585858585858586,37.84,-122.26,1.888
44,3.0125,52.0,4.941780821917808,1.0650684931506849,660.0,2.26027397260274,,-122.26,1.844
45,2.6768,52.0,,1.0994764397905759,718.0,1.8795811518324608,37.83,-122.26,1.823
46,2.026,50.0,3.700657894736842,,616.0,2.026315789473684,37.83,-122.26,1.425
47,,43.0,3.9802371541501977,1.233201581027668,558.0,2.205533596837945,37.82,-122.27,1.375
48,0.9506,40.0,3.9,,423.0,2.64375,37.82,-122.26,1.875
49,1.775,40.0,2.6875,1.0653409090909092,700.0,1.9886363636363635,,-122.27,1.125
50,0.9218,21.0,2.045662100456621,1.0342465753424657,,1.678082191780822,37.82,-122.27,1.719
51,1.5045,43.0,4.58968058968059,1.1203931203931203,,2.6068796068796067,37.82,-122.27,0.938
52,1.1108,41.0,4.473611111111111,1.1847222222222222,1959.0,2.720833333333333,37.82,,0.975
53,1.2475,52.0,4.075,1.14,1162.0,2.905,,-122.27,1.042
54,1.6098,52.0,5.021459227467811,1.0085836909871244,701.0,3.0085836909871246,37.82,-122.28,0.875
55,1.4113,52.0,4.295454545454546,1.1045454545454545,576.0,2.618181818181818,37.82,-122.28,0.831
56,,52.0,4.77992277992278,1.111969111969112,622.0,2.4015444015444016,37.82,-122.28,0.875
57,0.8172,52.0,6.102459016393443,1.3729508196721312,728.0,2.9836065573770494,37.82,,0.853
58,1.2171,52.0,,1.1217105263157894,1074.0,3.5328947368421053,37.82,-122.28,0.803
59,2.5625,2.0,2.7719298245614037,0.7543859649122807,94.0,1.6491228070175439,37.82,,0.6
60,3.3929,,5.994652406417113,1.1283422459893049,554.0,2.962566844919786,37.83,-122.29,0.757
61,,49.0,5.869565217391305,1.2608695652173914,86.0,3.739130434782609,37.82,-122.29,0.75
62,0.9011,,6.229508196721311,1.5573770491803278,377.0,3.0901639344262297,37.81,-122.29,0.861
63,1.191,52.0,7.69811320754717,1.490566037735849,521.0,3.2767295597484276,,-122.3,0.761
64,2.5938,48.0,6.225563909774436,1.368421052631579,392.0,,37.81,-122.3,0.735
65,1.1667,,5.401069518716578,1.1176470588235294,604.0,3.229946524064171,37.81,-122.3,0.784
66,0.8056,48.0,,1.0662650602409638,788.0,2.3734939759036147,37.81,-122.3,0.844
67,2.6094,52.0,6.98639455782313,1.6598639455782314,492.0,3.3469387755102042,37.8,-122.29,0.813
68,1.8516,52.0,6.975609756097561,1.329268292682927,274.0,3.341463414634146,37.81,,0.85
69,0.9802,46.0,4.584288052373159,1.0540098199672667,1823.0,,37.81,-122.29,1.292
70,1.7719,26.0,6.047244094488189,1.1968503937007875,392.0,3.0866141732283463,37.81,,0.825
71,0.7286,,3.375451263537906,1.0722021660649819,582.0,2.101083032490975,37.81,-122.29,0.952
72,1.75,49.0,5.552631578947368,1.3421052631578947,560.0,3.6842105263157894,37.81,,0.75
73,0.4999,46.0,1.7142857142857142,0.5714285714285714,18.0,2.5714285714285716,,-122.29,0.675
74,2.483,20.0,6.2781954887218046,1.2105263157894737,290.0,,37.81,-122.29,1.375
75,0.9241,17.0,2.8177676537585423,1.0523917995444192,762.0,1.7357630979498861,37.81,-122.28,1.775
76,2.4464,36.0,5.724950884086444,1.1041257367387034,1236.0,2.4282907662082516,,-122.28,1.021
77,1.1111,,5.830917874396135,1.173913043478261,721.0,3.4830917874396135,37.81,-122.28,1.083
78,0.8026,23.0,5.369230769230769,1.1507692307692308,1054.0,3.243076923076923,,-122.29,1.125
79,2.0114,38.0,4.412903225806452,1.135483870967742,344.0,2.2193548387096773,37.8,-122.28,1.313
80,1.5,17.0,,1.0,609.0,2.1072664359861593,37.81,-122.28,1.625
81,1.1667,,3.75,1.0,183.0,3.267857142857143,37.81,-122.27,1.125
82,1.5208,,3.9080459770114944,1.1149425287356323,200.0,2.2988505747126435,37.81,-122.28,1.125
83,0.8075,,2.490322580645161,1.0580645161290323,346.0,2.232258064516129,37.81,-122.28,1.375
84,,35.0,5.609467455621302,1.0887573964497042,467.0,2.7633136094674557,37.81,-122.28,1.188
85,2.4083,52.0,6.721739130434782,1.2434782608695651,377.0,3.2782608695652176,37.81,,0.982
86,,40.0,2.3157894736842106,1.186842105263158,582.0,1.5315789473684212,37.81,-122.27,1.188
87,,10.0,2.6515151515151514,1.0545454545454545,546.0,1.6545454545454545,37.81,-122.27,1.625
88,0.9722,10.0,,1.0769230769230769,125.0,3.2051282051282053,37.8,-122.27,1.375
89,1.2434,52.0,2.929411764705882,0.9176470588235294,396.0,,37.8,-122.27,5.00001
90,2.0938,16.0,2.74585635359116,1.0828729281767955,800.0,2.2099447513812156,37.8,,1.625
91,0.8668,52.0,2.4431818181818183,0.9886363636363636,904.0,10.272727272727273,,-122.28,1.375
92,0.75,52.0,2.823529411764706,0.9117647058823529,,5.617647058823529,37.8,-122.28,1.625
93,2.6354,,3.493377483443709,1.1490066225165563,718.0,2.377483443708609,37.79,-122.27,1.875
94,1.8477,39.0,3.6723768736616704,1.3340471092077089,1327.0,2.841541755888651,,-122.27,1.792
95,2.0096,,2.294016358157555,1.066293585880327,3469.0,1.493327593628928,37.8,-122.26,1.3
96,2.8345,31.0,,1.1279661016949152,2048.0,1.735593220338983,37.82,-122.26,1.838
97,2.0062,,3.681318681318681,1.1758241758241759,202.0,2.21978021978022,37.81,-122.26,1.25
98,1.2185,22.0,2.9456,1.016,2024.0,1.6192,37.82,-122.26,1.7
99,,37.0,3.7071428571428573,1.1071428571428572,1838.0,1.8755102040816327,37.82,-122.26,1.931
100,2.4912,29.0,3.7248,1.1312,2304.0,1.8432,37.81,,2.578
101,3.2177,28.0,3.8784235136940546,1.070808283233133,,1.7120908483633934,37.81,-122.25,2.734
102,3.125,39.0,3.745614035087719,,389.0,1.706140350877193,37.81,-122.25,2.375
103,2.5795,,3.5154975530179446,1.1435562805872757,895.0,1.4600326264274062,37.81,-122.25,3.5
104,2.8406,34.0,3.281721632196758,1.0698714365567357,2689.0,1.5030743432084963,37.81,-122.26,3.357
105,4.9306,52.0,6.184426229508197,0.9221311475409836,674.0,2.762295081967213,,-122.24,3.134
106,,52.0,4.442982456140351,1.0570175438596492,709.0,1.5548245614035088,37.81,-122.24,2.685
107,3.1691,52.0,4.165876777251185,,686.0,1.6255924170616114,37.81,-122.25,2.594
108,3.9,52.0,4.848189415041783,1.0459610027855153,,2.011142061281337,37.82,-122.24,2.757
109,3.9063,28.0,4.160847880299252,,1520.0,1.8952618453865338,37.82,-122.25,2.25
110,,52.0,5.628458498023716,1.1422924901185771,550.0,2.1739130434782608,37.82,-122.25,2.625
111,2.6429,32.0,3.7270058708414875,1.0743639921722115,1806.0,1.7671232876712328,37.82,-122.25,2.185
112,3.0233,26.0,3.2530813475760065,0.9827444535743632,1749.0,1.4371405094494658,37.82,,2.55
113,3.1484,52.0,4.578034682080925,1.0770712909441233,939.0,1.8092485549132948,37.83,-122.25,2.241
114,3.4722,35.0,3.822274881516588,1.014218009478673,675.0,1.599526066350711,37.83,-122.25,2.431
115,3.1429,52.0,4.3951890034364265,0.9862542955326461,534.0,1.8350515463917525,37.83,,2.316
116,2.4234,28.0,3.0234798314268514,1.053582179409994,2558.0,,37.83,-122.25,2.185
117,3.0897,52.0,4.040501446480231,1.0655737704918034,1786.0,1.7222757955641272,37.83,-122.25,2.341
118,5.8596,50.0,6.742627345844504,1.0697050938337802,970.0,2.6005361930294906,37.84,,3.276
119,5.2868,47.0,6.546391752577319,0.9360824742268041,1098.0,,37.84,-122.23,3.476
120,5.956,41.0,6.851063829787234,,794.0,2.1117021276595747,37.83,-122.24,3.661
121,4.9643,37.0,,1.148936170212766,98.0,2.0851063829787235,37.85,-122.24,3.35
122,6.3434,52.0,6.947890818858561,1.0198511166253101,1061.0,2.632754342431762,,-122.23,3.736
123,5.1773,52.0,6.358558558558559,1.0342342342342343,1177.0,2.120720720720721,,-122.24,3.895
124,7.2354,52.0,7.11716621253406,,901.0,2.455040871934605,37.85,-122.24,3.911
125,5.457,28.0,5.5303347280334725,1.096234309623431,2031.0,2.1244769874476988,37.85,-122.22,3.373
126,7.5,,6.127348643006263,0.9874739039665971,1031.0,2.152400835073069,37.84,-122.22,2.952
127,6.0194,,5.735343383584589,1.0,1358.0,2.274706867671692,37.84,-122.21,2.923
128,7.5544,40.0,7.631498470948012,1.0305810397553516,1616.0,2.470948012232416,37.83,,4.115
129,6.0666,30.0,6.446064139941691,1.0087463556851313,844.0,2.4606413994169096,37.84,-122.2,3.115
130,7.0548,34.0,6.125,0.9879032258064516,1140.0,2.2983870967741935,,-122.21,3.259
131,11.6017,18.0,8.335051546391753,1.0824742268041236,533.0,2.747422680412371,,-122.19,3.926
132,7.4882,35.0,6.467268623024831,1.0383747178329572,1072.0,,37.84,-122.2,3.193
133,6.8976,34.0,,1.0287206266318538,1627.0,2.1240208877284594,37.83,-122.21,3.333
134,8.2049,28.0,6.978947368421053,0.968421052631579,463.0,2.4368421052631577,37.83,-122.19,3.352
135,8.401,26.0,7.530805687203792,1.0568720379146919,542.0,2.5687203791469195,37.83,-122.2,3.512
136,,29.0,6.657992565055762,1.0074349442379182,661.0,2.45724907063197,37.83,-122.19,3.689
137,8.317,,6.977186311787072,1.0038022813688212,635.0,2.414448669201521,37.82,-122.19,3.659
138,7.0175,37.0,6.982954545454546,1.0284090909090908,420.0,2.3863636363636362,,-122.2,3.667
139,6.3302,39.0,7.54,1.068,1265.0,,37.82,-122.2,3.628
140,6.3624,30.0,5.615384615384615,0.7307692307692307,,2.423076923076923,37.81,-122.18,4.833
141,7.0549,52.0,6.785714285714286,0.9514285714285714,813.0,,37.82,-122.21,3.314
142,6.7851,,6.957746478873239,1.0234741784037558,1067.0,2.504694835680751,37.81,-122.2,3.235
143,2.8929,,5.132246376811594,1.0960144927536233,1260.0,2.282608695652174,37.8,-122.21,2.167
144,3.0812,38.0,4.628336755646817,1.0985626283367556,951.0,,37.8,-122.21,2.331
145,5.2402,52.0,6.200892857142857,0.9464285714285714,510.0,2.2767857142857144,37.81,-122.21,2.964
146,,52.0,6.39935064935065,1.0876623376623376,765.0,2.4837662337662336,37.81,-122.22,2.737
147,3.2632,52.0,4.745652173913044,,1129.0,2.4543478260869565,37.8,-122.22,2.277
148,3.0298,,5.183673469387755,1.0521541950113378,1073.0,2.433106575963719,37.8,-122.22,1.996
149,4.5428,52.0,5.283495145631068,1.050485436893204,1185.0,,37.8,-122.22,2.398
150,4.072,52.0,5.952941176470588,0.9970588235294118,756.0,2.223529411764706,37.81,-122.22,2.701
151,5.3509,52.0,5.65067178502879,1.0287907869481765,1034.0,1.9846449136276392,,-122.22,3.021
152,3.1603,52.0,4.429193899782135,1.0588235294117647,787.0,,37.8,-122.23,2.695
153,4.7708,52.0,,1.0751173708920188,612.0,2.8732394366197185,37.81,-122.23,3.147
154,8.1564,52.0,7.7026315789473685,1.0578947368421052,1021.0,2.6868421052631577,37.81,-122.22,3.901
155,8.8793,52.0,8.972868217054264,1.1317829457364341,861.0,3.3372093023255816,37.81,-122.23,4.103
156,6.8591,52.0,7.599388379204893,,953.0,2.914373088685015,37.81,-122.24,3.524
157,6.0302,52.0,5.8203125,0.9296875,,2.4765625,37.81,-122.24,2.873
158,,52.0,7.994318181818182,1.0369318181818181,878.0,2.4943181818181817,37.81,-122.23,3.487
159,2.7477,52.0,4.333333333333333,1.1387163561076605,918.0,1.9006211180124224,37.81,,2.438
160,2.1944,52.0,5.074285714285714,0.96,,2.057142857142857,37.8,-122.24,2.115
161,3.0149,52.0,4.276639344262295,,1197.0,2.4528688524590163,37.8,-122.25,2.184
162,3.675,52.0,4.851351351351352,,1048.0,2.023166023166023,37.81,-122.24,2.699
163,3.225,46.0,4.326639892904953,,1373.0,1.8380187416331994,37.81,-122.25,2.188
164,2.9345,42.0,4.059113300492611,1.0492610837438423,,1.6896551724137931,37.8,-122.25,2.25
165,2.1429,43.0,3.2742382271468142,1.0969529085872576,1359.0,1.8822714681440442,,-122.25,2.5
166,1.6121,41.0,3.5617433414043584,1.1355932203389831,1062.0,2.5714285714285716,37.8,-122.25,1.714
167,1.3929,29.0,3.1927554980595083,1.1177231565329884,1335.0,1.7270375161707632,37.8,-122.25,1.938
168,2.3173,27.0,3.804195804195804,,1171.0,2.7296037296037294,37.79,-122.24,1.25
169,1.7772,45.0,3.882608695652174,1.1434782608695653,1475.0,,37.79,-122.25,0.975
170,2.6458,50.0,3.2091836734693877,0.9591836734693877,,3.7857142857142856,37.79,-122.25,1.25
171,2.181,52.0,3.6887052341597797,1.0771349862258952,1086.0,2.9917355371900825,37.79,,1.388
172,2.2303,36.0,3.0902394106813995,1.1160220994475138,1645.0,3.029465930018416,37.8,-122.25,1.167
173,1.6504,43.0,3.639751552795031,,1710.0,2.6552795031055902,37.8,-122.25,1.518
174,2.2697,52.0,4.368421052631579,1.0,731.0,,37.8,-122.24,1.27
175,2.1563,52.0,4.585014409221902,1.07492795389049,1118.0,3.2219020172910664,37.8,-122.24,1.286
176,2.1348,52.0,4.7343283582089555,1.1880597014925374,1006.0,3.002985074626866,,-122.24,1.406
177,2.6292,47.0,,1.0613718411552346,1213.0,2.1895306859205776,37.8,-122.24,1.827
178,2.3833,52.0,4.638132295719845,1.1245136186770428,772.0,3.0038910505836576,37.8,-122.23,1.469
179,2.957,52.0,4.496259351620948,1.0473815461346634,1321.0,3.29426433915212,,-122.24,1.228
180,2.5238,49.0,4.192023633677991,1.106351550960118,1487.0,2.1964549483013296,37.8,,1.693
181,1.9375,52.0,4.209677419354839,,488.0,2.6236559139784945,37.8,-122.23,1.266
182,1.9028,51.0,4.0561224489795915,1.0561224489795917,949.0,2.420918367346939,37.8,-122.23,1.279
183,2.25,50.0,4.20722891566265,1.1566265060240963,1149.0,2.7686746987951807,37.8,-122.23,1.235
184,2.3929,52.0,4.4714285714285715,1.0678571428571428,844.0,3.0142857142857142,37.8,,1.119
185,2.1917,43.0,4.844029244516653,1.091795288383428,4367.0,3.5475223395613322,37.79,-122.23,1.128
186,2.9357,52.0,4.327669902912621,0.9587378640776699,1659.0,4.026699029126213,37.79,-122.23,1.079
187,1.8854,30.0,3.7984790874524714,1.0038022813688212,,3.844106463878327,37.79,-122.23,1.375
188,2.1638,,3.776349614395887,1.1079691516709511,1464.0,3.763496143958869,37.79,-122.24,1.055
189,2.125,47.0,4.528052805280528,,1237.0,4.082508250825082,37.79,-122.24,0.955
190,3.375,,4.011904761904762,1.0714285714285714,647.0,3.8511904761904763,37.79,-122.24,1.161
191,2.2542,43.0,4.554621848739496,1.0532212885154062,1284.0,,37.79,-122.24,1.122
192,2.1,51.0,,0.7818181818181819,228.0,4.1454545454545455,37.79,-122.25,0.75
193,,39.0,3.747967479674797,1.048780487804878,381.0,3.097560975609756,37.79,-122.25,1.125
194,3.625,52.0,3.973568281938326,1.0440528634361232,846.0,3.7268722466960353,37.79,-122.25,1.25
195,1.6929,20.0,3.510355029585799,1.1523668639053255,1659.0,2.4541420118343193,37.8,,1.15
196,1.6471,52.0,2.8333333333333335,0.927536231884058,520.0,3.7681159420289854,37.77,-122.22,0.95
197,2.59,52.0,4.38996138996139,1.162162162162162,866.0,3.3436293436293436,37.77,-122.22,0.964
198,2.57,52.0,4.202185792349726,1.1256830601092895,612.0,3.3442622950819674,,-122.23,0.72
199,2.6429,52.0,,1.1587301587301588,415.0,3.2936507936507935,37.78,-122.23,0.713
200,3.0257,52.0,4.046948356807512,,994.0,4.666666666666667,37.78,-122.23,0.808
201,1.4886,,4.0251572327044025,1.1111111111111112,1525.0,3.19706498951782,37.78,-122.22,1.288
202,1.9338,43.0,3.2420091324200913,1.0776255707762556,1506.0,3.4383561643835616,,-122.23,1.125
203,1.4844,,3.8666666666666667,1.011764705882353,1008.0,3.9529411764705884,37.78,-122.23,1.194
204,1.6009,44.0,3.1158455392809588,1.0985352862849533,,3.745672436750999,37.78,-122.23,1.181
205,2.0375,,4.944606413994169,1.154518950437318,1481.0,4.317784256559767,37.79,-122.23,1.225
206,2.293,49.0,5.365296803652968,0.9908675799086758,859.0,3.922374429223744,37.79,-122.23,1.063
207,2.1494,37.0,4.479923518164436,1.0975143403441683,,3.074569789674952,37.79,-122.22,1.325
208,1.6198,30.0,4.357142857142857,1.0357142857142858,425.0,,37.79,-122.23,1.227
209,1.3281,40.0,5.054347826086956,1.0815217391304348,564.0,3.0652173913043477,,-122.23,1.133
210,3.5156,44.0,5.466911764705882,1.1544117647058822,961.0,3.5330882352941178,,-122.22,1.095
211,3.9048,52.0,4.998540145985402,1.0072992700729928,2273.0,3.318248175182482,37.79,-122.22,1.647
212,,52.0,3.9076923076923076,0.9743589743589743,600.0,3.076923076923077,37.79,-122.21,1.25
213,2.6042,46.0,4.489563567362429,,1647.0,3.1252371916508537,37.79,-122.22,1.247
214,2.5,49.0,4.306603773584905,1.0613207547169812,1201.0,2.832547169811321,37.79,-122.22,1.367
215,2.7969,38.0,4.626707132018209,1.078907435508346,,3.2883156297420335,37.79,-122.22,1.417
216,,29.0,4.823529411764706,1.1058823529411765,939.0,2.761764705882353,37.79,-122.2,1.5
217,2.9583,47.0,5.284246575342466,1.0513698630136987,859.0,2.941780821917808,37.79,-122.21,1.388
218,2.8365,,4.5813953488372094,1.0794573643410852,1517.0,2.939922480620155,37.79,-122.21,1.392
219,2.875,,4.520725388601036,1.0595854922279793,1143.0,2.961139896373057,37.79,-122.21,1.438
220,,39.0,4.316810344827586,1.0775862068965518,1109.0,2.3900862068965516,37.8,-122.21,1.565
221,3.0757,39.0,4.524663677130045,1.0022421524663676,1221.0,2.7376681614349776,37.8,-122.21,1.51
222,4.9559,43.0,6.6923076923076925,1.0967032967032968,1115.0,2.4505494505494507,,-122.2,2.73
223,4.7721,,5.772388059701493,1.0932835820895523,706.0,2.6343283582089554,37.8,-122.2,2.171
224,3.4861,52.0,4.984419263456091,1.0070821529745042,1883.0,2.6671388101983005,37.8,,1.871
225,5.1184,41.0,6.088235294117647,1.0411764705882354,804.0,2.364705882352941,37.8,-122.2,2.396
226,4.0977,48.0,5.242063492063492,1.0436507936507937,506.0,,37.8,-122.21,2.297
227,4.744,48.0,7.117647058823529,1.088235294117647,610.0,,37.8,-122.19,2.573
228,4.2727,46.0,5.837349397590361,1.0271084337349397,768.0,2.3132530120481927,37.8,,2.469
229,,50.0,5.260869565217392,1.059782608695652,462.0,2.510869565217391,37.79,-122.19,1.799
230,4.1739,40.0,4.51063829787234,1.0893617021276596,667.0,2.8382978723404255,37.79,,1.696
231,3.8487,46.0,5.1152882205513786,1.0150375939849625,1059.0,2.654135338345865,37.8,-122.2,2.033
232,4.0114,52.0,6.5451263537906135,0.9783393501805054,637.0,2.299638989169675,37.8,-122.19,2.634
233,4.6563,45.0,5.986784140969163,0.9933920704845814,1106.0,2.436123348017621,37.79,-122.19,2.318
234,2.9297,28.0,4.699551569506727,1.1375186846038865,,2.596412556053812,37.79,-122.19,1.405
235,2.3036,35.0,4.62051282051282,1.176923076923077,,2.5871794871794873,37.79,-122.2,1.26
236,,49.0,4.2,0.9285714285714286,737.0,3.5095238095238095,37.79,-122.2,1.22
237,2.619,44.0,3.30142566191446,0.9205702647657841,1354.0,2.7576374745417516,37.79,,1.347
238,2.4167,45.0,4.462025316455696,1.1244725738396624,1530.0,3.2278481012658227,37.79,-122.21,1.394
239,2.7788,45.0,4.210416666666666,1.1,,2.9375,37.79,-122.2,1.154
240,2.7352,46.0,3.9349736379613356,0.8927943760984183,1390.0,2.4428822495606326,37.78,-122.21,1.373
241,1.8472,52.0,5.4907063197026025,1.1152416356877324,1065.0,3.95910780669145,,-122.21,1.37
242,2.6583,52.0,4.310204081632653,0.9142857142857143,792.0,3.23265306122449,37.78,,1.426
243,3.0536,49.0,3.6653061224489796,0.9959183673469387,779.0,3.179591836734694,,-122.21,1.375
244,2.3906,44.0,4.865573770491803,1.1639344262295082,,3.719672131147541,37.78,-122.22,1.117
245,1.7188,43.0,4.181818181818182,1.1302211302211302,1227.0,,37.78,-122.21,1.268
246,2.625,47.0,3.6556016597510372,1.0290456431535269,,3.12448132780083,37.78,-122.21,1.113
247,2.8015,40.0,3.6592592592592594,0.8444444444444444,547.0,4.051851851851852,,-122.22,1.148
248,1.7276,50.0,4.036363636363636,1.075,1807.0,4.1068181818181815,37.78,-122.22,1.023
249,2.0801,44.0,,1.0383838383838384,1700.0,3.4343434343434343,37.78,-122.22,1.319
250,2.489,51.0,4.1653944020356235,,1543.0,3.926208651399491,37.78,-122.22,1.191
251,1.7546,,4.733333333333333,1.0466666666666666,1085.0,3.6166666666666667,37.76,-122.21,0.806
252,4.0904,52.0,4.313868613138686,1.2627737226277371,353.0,2.576642335766423,37.77,,0.806
253,2.6765,52.0,,1.0268456375838926,473.0,3.174496644295302,37.77,-122.21,0.888
254,2.4338,49.0,4.703933747412008,1.031055900621118,,3.3561076604554865,37.77,-122.2,1.024
255,2.3309,46.0,3.4858757062146895,1.0593220338983051,1183.0,,37.77,-122.21,0.987
256,,43.0,3.6714801444043323,1.184115523465704,836.0,3.0180505415162453,37.77,-122.21,1.0
257,1.8039,42.0,3.543726235741445,0.9657794676806084,,3.4220532319391634,37.77,-122.19,0.923
258,2.2562,39.0,5.007448789571694,1.111731843575419,1888.0,,37.77,-122.2,0.948
259,2.0562,41.0,4.536656891495602,,1024.0,3.002932551319648,37.77,-122.2,1.02
260,3.5398,52.0,5.4373522458628845,1.0472813238770686,,2.895981087470449,37.78,-122.2,1.584
261,3.1167,39.0,4.659574468085107,1.0611702127659575,1071.0,2.848404255319149,,-122.2,1.216
262,2.5401,50.0,4.939153439153439,1.066137566137566,1128.0,2.984126984126984,37.78,-122.2,1.291
263,,43.0,5.020661157024794,1.037190082644628,1537.0,3.175619834710744,37.77,-122.2,1.214
264,2.3125,44.0,4.399491094147582,1.0534351145038168,1240.0,,37.78,-122.21,1.028
265,2.875,52.0,6.107142857142857,1.0714285714285714,469.0,,37.78,-122.19,1.6
266,3.3715,52.0,5.105882352941176,1.0070588235294118,1086.0,2.5552941176470587,37.77,-122.19,1.439
267,3.5114,52.0,5.585131894484412,1.0671462829736211,1144.0,,37.77,-122.19,1.512
268,4.3125,52.0,6.645333333333333,1.1066666666666667,1109.0,2.957333333333333,37.78,-122.19,1.644
269,3.22,52.0,5.956639566395664,1.075880758807588,984.0,2.6666666666666665,37.78,-122.19,1.565
270,3.875,33.0,3.021276595744681,,575.0,12.23404255319149,37.78,-122.18,2.25
271,5.2328,49.0,5.660287081339713,0.9808612440191388,,2.373205741626794,37.78,-122.19,1.742
272,3.7262,52.0,5.631578947368421,,555.0,2.9210526315789473,37.78,-122.19,1.669
273,4.5893,45.0,5.400611620795107,1.0152905198776758,869.0,2.6574923547400613,37.78,,1.635
274,5.2578,39.0,5.820754716981132,0.8962264150943396,236.0,2.2264150943396226,37.79,-122.18,2.53
275,7.0875,,6.593457943925234,1.088785046728972,626.0,2.925233644859813,37.79,-122.18,2.407
276,3.9712,,6.410334346504559,1.1762917933130699,922.0,2.802431610942249,37.79,-122.18,2.081
277,2.9514,47.0,4.80078125,0.94921875,582.0,2.2734375,37.79,,1.981
278,2.6667,50.0,4.746268656716418,1.0796019900497513,,2.716417910447761,37.79,-122.19,1.728
279,5.4446,37.0,6.176691729323308,0.9849624060150376,620.0,2.330827067669173,,-122.18,3.367
280,6.2838,34.0,6.948717948717949,1.0,442.0,2.2666666666666666,37.8,-122.18,3.182
281,6.7527,23.0,7.064024390243903,,955.0,2.9115853658536586,37.8,-122.18,2.858
282,,24.0,7.589506172839506,0.9783950617283951,916.0,2.8271604938271606,37.77,-122.13,2.93
283,5.9849,22.0,6.528723945094052,1.0411794611082867,4985.0,2.5343162175902387,37.79,-122.16,3.71
284,3.6875,42.0,5.707865168539326,0.9737827715355806,651.0,,37.78,-122.17,1.573
285,2.875,30.0,4.731152204836415,1.0611664295874823,1704.0,2.4238975817923185,37.77,-122.17,1.353
286,3.4205,43.0,4.877149877149877,1.0810810810810811,1085.0,,37.78,-122.18,1.367
287,3.2984,50.0,5.78169014084507,1.1338028169014085,,2.51056338028169,37.78,-122.18,1.607
288,3.875,49.0,4.933701657458563,0.9779005524861878,468.0,2.585635359116022,,-122.17,1.406
289,4.175,,5.396694214876033,1.0578512396694215,296.0,2.446280991735537,37.78,-122.17,1.44
290,4.375,,5.761467889908257,0.9954128440366973,570.0,2.614678899082569,37.77,-122.16,1.619
291,4.7708,48.0,5.427777777777778,1.0777777777777777,446.0,,37.77,-122.16,1.563
292,3.5739,45.0,6.052083333333333,1.0338541666666667,,2.5208333333333335,37.77,-122.16,1.76
293,3.0958,39.0,5.0094936708860756,1.1044303797468353,857.0,2.712025316455696,37.77,-122.16,1.458
294,3.3958,39.0,5.0062111801242235,,912.0,2.8322981366459627,37.77,-122.17,1.419
295,1.871,,5.3628318584070795,1.1792035398230087,1360.0,3.0088495575221237,37.77,-122.17,0.907
296,1.9356,41.0,4.490140845070423,,1074.0,3.0253521126760563,37.76,-122.17,0.906
297,2.1842,47.0,5.544502617801047,1.081151832460733,965.0,2.526178010471204,,-122.17,1.079
298,2.2917,37.0,4.921875,1.11875,933.0,2.915625,37.76,-122.18,1.07
299,2.4333,,4.983050847457627,1.1214689265536724,987.0,2.788135593220339,37.76,-122.17,0.982
